epoch,train_loss,train_acc,aux_text_loss,aux_audio_loss,aux_video_loss,val_loss,val_acc,test_loss,test_acc
1,1.0888213864235,0.5670096778145289,1.0806992380376337,1.0545904651424778,1.0551747678907188,0.8258383755757808,0.6338856226616782,0.8179457232941372,0.6366172998497531
