epoch,train_loss,train_acc,val_loss,val_acc,test_loss,test_acc
1,0.9679356118444863,0.5374862183020949,0.8392837464904989,0.6269374665954035,0.8294747112697479,0.634900193174501
