epoch,train_loss,train_acc,val_loss,val_acc,test_loss,test_acc
1,0.8977839652849123,0.5869778267793704,0.8179437104296009,0.635489043292357,0.8021590169291303,0.6460613865636403
