epoch,train_loss,train_acc,ortho_loss,val_loss,val_acc,test_loss,test_acc
1,2.9027835579022434,0.5238882763689819,1.9114920818114556,0.9131530026329322,0.5847140566541956,0.9047688407738287,0.5911139729555699
